<?xml version="1.0" encoding="UTF-8"?>
<project-private xmlns="http://www.netbeans.org/ns/project-private/1">
    <editor-bookmarks xmlns="http://www.netbeans.org/ns/editor-bookmarks/2" lastBookmarkId="5">
        <file>
            <url>public/frontend/js/common.js</url>
            <bookmark id="2">
                <name/>
                <line>382</line>
                <key/>
            </bookmark>
        </file>
        <file>
            <url>resources/views/pages/frontend/frontend-pages/brand-single-page.blade.php</url>
            <bookmark id="1">
                <name/>
                <line>102</line>
                <key/>
            </bookmark>
        </file>
        <file>
            <url>resources/views/pages-message/notify-msg-success.blade.php</url>
            <bookmark id="3">
                <name/>
                <line>0</line>
                <key/>
            </bookmark>
        </file>
        <file>
            <url>app/Library/GetFunction.php</url>
            <bookmark id="4">
                <name/>
                <line>3026</line>
                <key/>
            </bookmark>
        </file>
    </editor-bookmarks>
    <open-files xmlns="http://www.netbeans.org/ns/projectui-open-files/2">
        <group>
            <file>file:/G:/WorkingXampp/htdocs/shopist/routes/web.php</file>
            <file>file:/G:/WorkingXampp/htdocs/shopist/app/Library/CommonFunction.php</file>
            <file>file:/G:/WorkingXampp/htdocs/shopist/app/Http/Controllers/Frontend/FrontendManagerController.php</file>
            <file>file:/G:/WorkingXampp/htdocs/shopist/resources/views/pages/frontend/vendors/vendors-home.blade.php</file>
            <file>file:/G:/WorkingXampp/htdocs/shopist/app/Helpers/helpers.php</file>
            <file>file:/G:/WorkingXampp/htdocs/shopist/app/Library/GetFunction.php</file>
        </group>
    </open-files>
</project-private>
